{"cameraMode":{"drawMode":0,"name":"Shaded","section":"Shading Mode"},"sceneLighting":false,"audioPlay":false,"sceneViewState":{"m_AlwaysRefresh":false,"showFog":true,"showSkybox":false,"showFlares":true,"showImageEffects":true,"showParticleSystems":true,"showVisualEffectGraphs":true,"m_FxEnabled":true},"in2DMode":false,"pivot":{"x":0.17061328887939454,"y":4.864196300506592,"z":-0.15332508087158204},"rotation":{"x":0.01146644912660122,"y":-0.9875472187995911,"z":0.0834433063864708,"w":0.1342362016439438},"size":8.450727462768555,"orthographic":false}