{"cameraMode":{"drawMode":0,"name":"Shaded","section":"Shading Mode"},"sceneLighting":true,"audioPlay":false,"sceneViewState":{"m_AlwaysRefresh":false,"showFog":true,"showSkybox":true,"showFlares":true,"showImageEffects":true,"showParticleSystems":true,"showVisualEffectGraphs":true,"m_FxEnabled":true},"in2DMode":false,"pivot":{"x":-57.11192321777344,"y":63.82836151123047,"z":101.93388366699219},"rotation":{"x":-0.15416637063026429,"y":-0.01867547817528248,"z":0.0029191281646490099,"w":-0.9878751635551453},"size":12.814010620117188,"orthographic":false}