{"cameraMode":{"drawMode":0,"name":"Shaded","section":"Shading Mode"},"sceneLighting":true,"audioPlay":false,"sceneViewState":{"m_AlwaysRefresh":false,"showFog":true,"showSkybox":true,"showFlares":true,"showImageEffects":true,"showParticleSystems":true,"showVisualEffectGraphs":true,"m_FxEnabled":true},"in2DMode":false,"pivot":{"x":22.235408782958986,"y":0.8491124510765076,"z":13.167820930480957},"rotation":{"x":-0.011150249280035496,"y":-0.9749311804771423,"z":0.21731935441493989,"w":-0.050849445164203647},"size":0.8660253882408142,"orthographic":false}